"Authors","Author full names","Author(s) ID","Title","Year","Source title","Volume","Issue","Art. No.","Page start","Page end","Page count","Cited by","DOI","Link","Document Type","Publication Stage","Open Access","Source","EID"
"Maia A.G.; Camargo-Valero M.A.; Trigg M.A.; Khan A.","Maia, Adelena Gonçalves (57192681322); Camargo-Valero, Miller Alonso (16642000800); Trigg, Mark A. (27468024100); Khan, Amirul (55800396100)","57192681322; 16642000800; 27468024100; 55800396100","Uncertainty and Sensitivity Analysis in Reservoir Modeling: a Monte Carlo Simulation Approach","2024","Water Resources Management","38","8","","2835","2850","15","3","10.1007/s11269-024-03794-z","https://www.scopus.com/inward/record.uri?eid=2-s2.0-85186178469&doi=10.1007%2fs11269-024-03794-z&partnerID=40&md5=070670837be32799ee8756ccf7cd09f7","Article","Final","","Scopus","2-s2.0-85186178469"
"Ward P.J.; Jongman B.; Salamon P.; Simpson A.; Bates P.; De Groeve T.; Muis S.; De Perez E.C.; Rudari R.; Trigg M.A.; Winsemius H.C.","Ward, Philip J. (55939005100); Jongman, Brenden (55324365800); Salamon, Peter (57197924232); Simpson, Alanna (56735382900); Bates, Paul (56242669500); De Groeve, Tom (6506812055); Muis, Sanne (56524665900); De Perez, Erin Coughlan (56612063700); Rudari, Roberto (6507764404); Trigg, Mark A. (27468024100); Winsemius, Hessel C. (15128343400)","55939005100; 55324365800; 57197924232; 56735382900; 56242669500; 6506812055; 56524665900; 56612063700; 6507764404; 27468024100; 15128343400","Usefulness and limitations of global flood risk models","2015","Nature Climate Change","5","8","","712","715","3","205","10.1038/nclimate2742","https://www.scopus.com/inward/record.uri?eid=2-s2.0-84937894285&doi=10.1038%2fnclimate2742&partnerID=40&md5=6004814f8c4e7a166b294c3891a0b2b9","Short survey","Final","","Scopus","2-s2.0-84937894285"
"Talling P.J.; Baker M.L.; Pope E.L.; Ruffell S.C.; Jacinto R.S.; Heijnen M.S.; Hage S.; Simmons S.M.; Hasenhündl M.; Heerema C.J.; McGhee C.; Apprioual R.; Ferrant A.; Cartigny M.J.B.; Parsons D.R.; Clare M.A.; Tshimanga R.M.; Trigg M.A.; Cula C.A.; Faria R.; Gaillot A.; Bola G.; Wallance D.; Griffiths A.; Nunny R.; Urlaub M.; Peirce C.; Burnett R.; Neasham J.; Hilton R.J.","Talling, Peter J. (6603791177); Baker, Megan L. (57200117600); Pope, Ed L. (56763738800); Ruffell, Sean C. (57647194100); Jacinto, Ricardo Silva (6507555579); Heijnen, Maarten S. (57203316664); Hage, Sophie (57194639954); Simmons, Stephen M. (35759694900); Hasenhündl, Martin (57475617800); Heerema, Catharina J. (57212463929); McGhee, Claire (57218874413); Apprioual, Ronan (15767106800); Ferrant, Anthony (57773079700); Cartigny, Matthieu J. B. (56726827900); Parsons, Daniel R. (56144688000); Clare, Michael A. (56082708000); Tshimanga, Raphael M. (37029312800); Trigg, Mark A. (27468024100); Cula, Costa A. (57772733400); Faria, Rui (57200767524); Gaillot, Arnaud (57103422700); Bola, Gode (57773079800); Wallance, Dec (57811230800); Griffiths, Allan (57772733500); Nunny, Robert (58418048100); Urlaub, Morelia (36449482200); Peirce, Christine (6602175860); Burnett, Richard (57772555600); Neasham, Jeffrey (6602109044); Hilton, Robert J. (24385259400)","6603791177; 57200117600; 56763738800; 57647194100; 6507555579; 57203316664; 57194639954; 35759694900; 57475617800; 57212463929; 57218874413; 15767106800; 57773079700; 56726827900; 56144688000; 56082708000; 37029312800; 27468024100; 57772733400; 57200767524; 57103422700; 57773079800; 57811230800; 57772733500; 58418048100; 36449482200; 6602175860; 57772555600; 6602109044; 24385259400","Longest sediment flows yet measured show how major rivers connect efficiently to deep sea","2022","Nature Communications","13","1","4193","","","","65","10.1038/s41467-022-31689-3","https://www.scopus.com/inward/record.uri?eid=2-s2.0-85134521250&doi=10.1038%2fs41467-022-31689-3&partnerID=40&md5=39770b1f0c34a440aa2f74a75d207f7e","Article","Final","All Open Access; Gold Open Access; Green Open Access","Scopus","2-s2.0-85134521250"
"Tshimanga R.M.; Trigg M.A.; Neal J.; Ndomba P.M.; Hughes D.A.; Carr A.B.; Kabuya P.M.; Bola G.B.; Mushi C.A.; Beya J.T.; Ngandu F.K.; Mokango G.M.; Mtalo F.; Bates P.D.","Tshimanga, Raphael M. (37029312800); Trigg, Mark A. (27468024100); Neal, Jeffrey (16039644600); Ndomba, Preksedis M. (24477900300); Hughes, Denis A. (7403464327); Carr, Andrew B. (57210206389); Kabuya, Pierre Mulamba (57189274566); Bola, Gode B. (57773079800); Mushi, Catherine A. (57207449470); Beya, Jules T. (57230714600); Ngandu, Felly K. (58101552200); Mokango, Gabriel M. (57904034300); Mtalo, Felix (24491912000); Bates, Paul D. (56242669500)","37029312800; 27468024100; 16039644600; 24477900300; 7403464327; 57210206389; 57189274566; 57773079800; 57207449470; 57230714600; 58101552200; 57904034300; 24491912000; 56242669500","New Measurements of Water Dynamics and Sediment Transport along the Middle Reach of the Congo River and the Kasai Tributary","2022","Congo Basin Hydrology, Climate, and Biogeochemistry: A Foundation for the Future","","","","447","467","20","2","10.1002/9781119657002.ch23","https://www.scopus.com/inward/record.uri?eid=2-s2.0-85147964282&doi=10.1002%2f9781119657002.ch23&partnerID=40&md5=089157c7be2ef31977ce9a19a7370e80","Book chapter","Final","","Scopus","2-s2.0-85147964282"
"Trigg M.A.; Birch C.E.; Neal J.C.; Bates P.D.; Smith A.; Sampson C.C.; Yamazaki D.; Hirabayashi Y.; Pappenberger F.; Dutra E.; Ward P.J.; Winsemius H.C.; Salamon P.; Dottori F.; Rudari R.; Kappes M.S.; Simpson A.L.; Hadzilacos G.; Fewtrell T.J.","Trigg, M.A. (27468024100); Birch, C.E. (34976155900); Neal, J.C. (16039644600); Bates, P.D. (56242669500); Smith, A. (56410082400); Sampson, C.C. (37361381700); Yamazaki, D. (35231763100); Hirabayashi, Y. (36463595600); Pappenberger, F. (12242898700); Dutra, E. (25926243900); Ward, P.J. (55939005100); Winsemius, H.C. (15128343400); Salamon, P. (57197924232); Dottori, F. (26039063600); Rudari, R. (6507764404); Kappes, M.S. (36519011200); Simpson, A.L. (56735382900); Hadzilacos, G. (57191617676); Fewtrell, T.J. (25930864000)","27468024100; 34976155900; 16039644600; 56242669500; 56410082400; 37361381700; 35231763100; 36463595600; 12242898700; 25926243900; 55939005100; 15128343400; 57197924232; 26039063600; 6507764404; 36519011200; 56735382900; 57191617676; 25930864000","Corrigendum: The credibility challenge for global fluvial flood risk analysis (Environmental Research Letters (2016) 11 (094014) DOI: 10.1088/1748-9326/11/9/094014/meta)","2018","Environmental Research Letters","13","9","099503","","","","1","10.1088/1748-9326/aadcd0","https://www.scopus.com/inward/record.uri?eid=2-s2.0-85055846321&doi=10.1088%2f1748-9326%2faadcd0&partnerID=40&md5=2cb6fddb9aaa316e6587e0d2ab614d38","Erratum","Final","All Open Access; Gold Open Access","Scopus","2-s2.0-85055846321"
"Birch C.E.; Rabb B.L.; Böing S.J.; Shelton K.L.; Lamb R.; Hunter N.; Trigg M.A.; Hines A.; Taylor A.L.; Pilling C.; Dale M.","Birch, Cathryn E. (34976155900); Rabb, Benjamin L. (57212109474); Böing, Steven J. (55436842300); Shelton, Kay L. (7005949189); Lamb, Rob (25934728300); Hunter, Neil (27267664200); Trigg, Mark A. (27468024100); Hines, Adrian (7005149613); Taylor, Andrea L. (56197299000); Pilling, Charlie (6505976361); Dale, Murray (7102335881)","34976155900; 57212109474; 55436842300; 7005949189; 25934728300; 27267664200; 27468024100; 7005149613; 56197299000; 6505976361; 7102335881","Enhanced surface water flood forecasts: User-led development and testing","2021","Journal of Flood Risk Management","14","2","e12691","","","","10","10.1111/jfr3.12691","https://www.scopus.com/inward/record.uri?eid=2-s2.0-85099757069&doi=10.1111%2fjfr3.12691&partnerID=40&md5=3113a50045858e3986aad43ddc00459e","Article","Final","All Open Access; Gold Open Access","Scopus","2-s2.0-85099757069"
"Alfieri L.; Cohen S.; Galantowicz J.; Schumann G.J.-P.; Trigg M.A.; Zsoter E.; Prudhomme C.; Kruczkiewicz A.; Coughlan de Perez E.; Flamig Z.; Rudari R.; Wu H.; Adler R.F.; Brakenridge R.G.; Kettner A.; Weerts A.; Matgen P.; Islam S.A.K.M.; de Groeve T.; Salamon P.","Alfieri, Lorenzo (57220409827); Cohen, Sagy (24314719100); Galantowicz, John (56422076900); Schumann, Guy J-P. (16424570900); Trigg, Mark A. (27468024100); Zsoter, Ervin (25032085300); Prudhomme, Christel (6603746516); Kruczkiewicz, Andrew (57192210916); Coughlan de Perez, Erin (56612063700); Flamig, Zachary (36069144100); Rudari, Roberto (6507764404); Wu, Huan (55789331100); Adler, Robert F. (7202640224); Brakenridge, Robert G. (6603435333); Kettner, Albert (9039420300); Weerts, Albrecht (6602950477); Matgen, Patrick (8051813300); Islam, Saiful A.K.M (57221919911); de Groeve, Tom (6506812055); Salamon, Peter (57197924232)","57220409827; 24314719100; 56422076900; 16424570900; 27468024100; 25032085300; 6603746516; 57192210916; 56612063700; 36069144100; 6507764404; 55789331100; 7202640224; 6603435333; 9039420300; 6602950477; 8051813300; 57221919911; 6506812055; 57197924232","A global network for operational flood risk reduction","2018","Environmental Science and Policy","84","","","149","158","9","94","10.1016/j.envsci.2018.03.014","https://www.scopus.com/inward/record.uri?eid=2-s2.0-85044122453&doi=10.1016%2fj.envsci.2018.03.014&partnerID=40&md5=7a4428a36131d606d5e90c35c7aba0a1","Article","Final","All Open Access; Green Open Access; Hybrid Gold Open Access","Scopus","2-s2.0-85044122453"
"Kechnit D.; Tshimanga R.M.; Ammari A.; Trigg M.A.; Carr A.B.; Bahmanpouri F.; Barbetta S.; Moramarco T.","Kechnit, Djamel (59240632600); Tshimanga, Raphael M. (37029312800); Ammari, Abdelhadi (26639125400); Trigg, Mark A. (27468024100); Carr, Andrew B. (57210206389); Bahmanpouri, Farhad (57202280145); Barbetta, Silvia (12242652500); Moramarco, Tommaso (6602775672)","59240632600; 37029312800; 26639125400; 27468024100; 57210206389; 57202280145; 12242652500; 6602775672","Bathymetry and discharge estimation in large and data-scarce rivers using an entropy-based approach","2024","Hydrological Sciences Journal","69","15","","2109","2123","14","1","10.1080/02626667.2024.2402933","https://www.scopus.com/inward/record.uri?eid=2-s2.0-85205073292&doi=10.1080%2f02626667.2024.2402933&partnerID=40&md5=f708958ff7b6c82f197741777e70e66f","Article","Final","","Scopus","2-s2.0-85205073292"
"Wu H.; Trigg M.A.; Murphy W.; Fuentes R.","Wu, Hang (57200599176); Trigg, Mark A. (27468024100); Murphy, William (55729913700); Fuentes, Raul (35188883400)","57200599176; 27468024100; 55729913700; 35188883400","Analysis of the fundamental differences between dam-forming landslides and all landslides","2025","Geomorphology","475","","109665","","","","0","10.1016/j.geomorph.2025.109665","https://www.scopus.com/inward/record.uri?eid=2-s2.0-85217949628&doi=10.1016%2fj.geomorph.2025.109665&partnerID=40&md5=b85851bfb22d74c120d9b805f4461d00","Article","Final","All Open Access; Hybrid Gold Open Access","Scopus","2-s2.0-85217949628"
"Trigg M.A.; Michaelides K.; Neal J.C.; Bates P.D.","Trigg, Mark A. (27468024100); Michaelides, Katerina (6602332840); Neal, Jeffrey C. (16039644600); Bates, Paul D. (56242669500)","27468024100; 6602332840; 16039644600; 56242669500","Surface water connectivity dynamics of a large scale extreme flood","2013","Journal of Hydrology","505","","","138","149","11","79","10.1016/j.jhydrol.2013.09.035","https://www.scopus.com/inward/record.uri?eid=2-s2.0-84886045664&doi=10.1016%2fj.jhydrol.2013.09.035&partnerID=40&md5=cad423a9399f26c74f4f2d1046936044","Article","Final","All Open Access; Green Open Access","Scopus","2-s2.0-84886045664"
"Neal J.; Fewtrell T.; Trigg M.","Neal, Jeffrey (16039644600); Fewtrell, Timothy (25930864000); Trigg, Mark (27468024100)","16039644600; 25930864000; 27468024100","Parallelisation of storage cell flood models using OpenMP","2009","Environmental Modelling and Software","24","7","","872","877","5","97","10.1016/j.envsoft.2008.12.004","https://www.scopus.com/inward/record.uri?eid=2-s2.0-62349096130&doi=10.1016%2fj.envsoft.2008.12.004&partnerID=40&md5=5ab7a8ea51d40b5d9017d7e31ca1575d","Article","Final","","Scopus","2-s2.0-62349096130"
"Kabuya P.M.; Hughes D.A.; Tshimanga R.M.; Trigg M.A.; Bates P.","Kabuya, Pierre M. (57189274566); Hughes, Denis A. (7403464327); Tshimanga, Raphael M. (37029312800); Trigg, Mark A. (27468024100); Bates, Paul (56242669500)","57189274566; 7403464327; 37029312800; 27468024100; 56242669500","Assessing the potential value of the regionalised input constraint indices for constraining hydrological model simulations in the Congo River Basin","2022","Advances in Water Resources","159","","104093","","","","5","10.1016/j.advwatres.2021.104093","https://www.scopus.com/inward/record.uri?eid=2-s2.0-85120448488&doi=10.1016%2fj.advwatres.2021.104093&partnerID=40&md5=4655b6ebccb241a87f89788d40d44b76","Article","Final","All Open Access; Green Open Access; Hybrid Gold Open Access","Scopus","2-s2.0-85120448488"
"Kabuya P.M.; Hughes D.A.; Tshimanga R.M.; Trigg M.A.; Bates P.","Kabuya, Pierre M. (57189274566); Hughes, Denis A. (7403464327); Tshimanga, Raphael M. (37029312800); Trigg, Mark A. (27468024100); Bates, Paul (56242669500)","57189274566; 7403464327; 37029312800; 27468024100; 56242669500","Establishing uncertainty ranges of hydrologic indices across climate and physiographic regions of the Congo River Basin","2020","Journal of Hydrology: Regional Studies","30","","100710","","","","17","10.1016/j.ejrh.2020.100710","https://www.scopus.com/inward/record.uri?eid=2-s2.0-85087680725&doi=10.1016%2fj.ejrh.2020.100710&partnerID=40&md5=5454390a4fa5bccc05b050153a765973","Article","Final","All Open Access; Gold Open Access; Green Open Access","Scopus","2-s2.0-85087680725"
"Ash J.N.; Romanillos J.L.; Trigg M.","Ash, James N (35108833500); Romanillos, José Luis (26633199300); Trigg, Mark (27468024100)","35108833500; 26633199300; 27468024100","Videogames, visuality and screens: Reconstructing the Amazon in physical geographical knowledge","2009","Area","41","4","","464","474","10","8","10.1111/j.1475-4762.2009.00889.x","https://www.scopus.com/inward/record.uri?eid=2-s2.0-70449416050&doi=10.1111%2fj.1475-4762.2009.00889.x&partnerID=40&md5=9cc95e4282609009bc0292163bbb8ffd","Article","Final","","Scopus","2-s2.0-70449416050"
"Wu H.; Trigg M.A.; Murphy W.; Fuentes R.","Wu, Hang (57200599176); Trigg, Mark A. (27468024100); Murphy, William (55729913700); Fuentes, Raul (35188883400)","57200599176; 27468024100; 55729913700; 35188883400","A new global landslide dam database (RAGLAD) and analysis utilizing auxiliary global fluvial datasets","2022","Landslides","19","3","","555","572","17","9","10.1007/s10346-021-01817-z","https://www.scopus.com/inward/record.uri?eid=2-s2.0-85122865871&doi=10.1007%2fs10346-021-01817-z&partnerID=40&md5=34cff5d80f0f0ec193e0f08e2499bce3","Article","Final","All Open Access; Green Open Access; Hybrid Gold Open Access","Scopus","2-s2.0-85122865871"
"Falloon P.; Betts R.; Wiltshire A.; Dankers R.; Mathison C.; Mcneall D.; Bates P.; Trigg M.","Falloon, Pete (6701707324); Betts, Richard (55206018900); Wiltshire, Andrew (24339847400); Dankers, Rutger (6603227814); Mathison, Camilla (25825192700); Mcneall, Doug (15750969200); Bates, Paul (56242669500); Trigg, Mark (27468024100)","6701707324; 55206018900; 24339847400; 6603227814; 25825192700; 15750969200; 56242669500; 27468024100","Validation of river flows in HadGEM1 and HadCM3 with the TRIP river flow model","2011","Journal of Hydrometeorology","12","6","","1157","1180","23","28","10.1175/2011JHM1388.1","https://www.scopus.com/inward/record.uri?eid=2-s2.0-84858243206&doi=10.1175%2f2011JHM1388.1&partnerID=40&md5=53a9dcaaf382e45a1e3062d172262582","Article","Final","All Open Access; Bronze Open Access","Scopus","2-s2.0-84858243206"
"Olajubu V.; Trigg M.A.; Berretta C.; Sleigh A.; Chini M.; Matgen P.; Mojere S.; Mulligan J.","Olajubu, Victor (57226650927); Trigg, Mark A. (27468024100); Berretta, Christian (8850728100); Sleigh, Andrew (57266098300); Chini, Marco (58138537500); Matgen, Patrick (8051813300); Mojere, Stephen (57226643494); Mulligan, Joe (37034719100)","57226650927; 27468024100; 8850728100; 57266098300; 58138537500; 8051813300; 57226643494; 37034719100","Urban correction of global DEMs using building density for Nairobi, Kenya","2021","Earth Science Informatics","14","3","","1383","1398","15","10","10.1007/s12145-021-00647-w","https://www.scopus.com/inward/record.uri?eid=2-s2.0-85112217234&doi=10.1007%2fs12145-021-00647-w&partnerID=40&md5=ddc8b904530c2984042e13ba9ffbf025","Article","Final","All Open Access; Hybrid Gold Open Access","Scopus","2-s2.0-85112217234"
"Bernhofen M.V.; Blenkin F.; Trigg M.A.","Bernhofen, Mark V (57201371429); Blenkin, Faye (58318693100); Trigg, Mark A (27468024100)","57201371429; 58318693100; 27468024100","Unknown risk: assessing refugee camp flood risk in Ethiopia","2023","Environmental Research Letters","18","6","064041","","","","3","10.1088/1748-9326/acd8d0","https://www.scopus.com/inward/record.uri?eid=2-s2.0-85162232077&doi=10.1088%2f1748-9326%2facd8d0&partnerID=40&md5=ea283efac4150b4df7a696ab54109972","Article","Final","All Open Access; Gold Open Access; Green Open Access","Scopus","2-s2.0-85162232077"
"Mushi C.A.; Ndomba P.M.; Trigg M.A.; Tshimanga R.M.; Mtalo F.","Mushi, C.A. (57207449470); Ndomba, P.M. (24477900300); Trigg, M.A. (27468024100); Tshimanga, R.M. (37029312800); Mtalo, F. (24491912000)","57207449470; 24477900300; 27468024100; 37029312800; 24491912000","Assessment of basin-scale soil erosion within the Congo River Basin: A review","2019","Catena","178","","","64","76","12","50","10.1016/j.catena.2019.02.030","https://www.scopus.com/inward/record.uri?eid=2-s2.0-85062550448&doi=10.1016%2fj.catena.2019.02.030&partnerID=40&md5=cd8142ebe1e78f8c74aab3c59ab5cecb","Review","Final","All Open Access; Green Open Access; Hybrid Gold Open Access","Scopus","2-s2.0-85062550448"
"Noorduijn S.L.; Shanafield M.; Trigg M.A.; Harrington G.A.; Cook P.G.; Peeters L.","Noorduijn, Saskia L. (35590412600); Shanafield, Margaret (35099401800); Trigg, Mark A. (27468024100); Harrington, Glenn A. (7007122979); Cook, Peter G. (7402055909); Peeters, L. (59578586000)","35590412600; 35099401800; 27468024100; 7007122979; 7402055909; 59578586000","Estimating seepage flux from ephemeral stream channels using surface water and groundwater level data","2014","Water Resources Research","50","2","","1474","1489","15","24","10.1002/2012WR013424","https://www.scopus.com/inward/record.uri?eid=2-s2.0-84894260055&doi=10.1002%2f2012WR013424&partnerID=40&md5=14bb94a8b7553f104b3b3ce09383ddb4","Article","Final","All Open Access; Bronze Open Access","Scopus","2-s2.0-84894260055"
"Hoch J.M.; Trigg M.A.","Hoch, Jannis M. (57192917043); Trigg, Mark A. (27468024100)","57192917043; 27468024100","Advancing global flood hazard simulations by improving comparability, benchmarking, and integration of global flood models","2019","Environmental Research Letters","14","3","034001","","","","37","10.1088/1748-9326/aaf3d3","https://www.scopus.com/inward/record.uri?eid=2-s2.0-85064318254&doi=10.1088%2f1748-9326%2faaf3d3&partnerID=40&md5=29149b67def843ba5cc98a648b112b26","Article","Final","All Open Access; Gold Open Access; Green Open Access","Scopus","2-s2.0-85064318254"
"Bates P.D.; Tshimanga R.M.; Trigg M.A.; Carr A.; Mushi C.A.; Kabuya P.M.; Bola G.; Neal J.; Ndomba P.; Mtalo F.; Hughes D.","Bates, Paul D. (56242669500); Tshimanga, Raphaël M. (37029312800); Trigg, Mark A. (27468024100); Carr, Andy (57210206389); Mushi, C.A. (57207449470); Kabuya, Pierre M. (57189274566); Bola, Gode (57773079800); Neal, Jeff (16039644600); Ndomba, Preksedis (24477900300); Mtalo, Felix (24491912000); Hughes, Denis (7403464327)","56242669500; 37029312800; 27468024100; 57210206389; 57207449470; 57189274566; 57773079800; 16039644600; 24477900300; 24491912000; 7403464327","Creating sustainable capacity for river science in the Congo basin through the CRuHM project","2024","Interface Focus","14","4","e20230079","","","","3","10.1098/rsfs.2023.0079","https://www.scopus.com/inward/record.uri?eid=2-s2.0-85201264497&doi=10.1098%2frsfs.2023.0079&partnerID=40&md5=90d4574f552c131a35622a66ca4899dc","Article","Final","All Open Access; Green Open Access; Hybrid Gold Open Access","Scopus","2-s2.0-85201264497"
"Trigg M.A.; Carr A.B.; Smith M.W.; Tshimanga R.M.","Trigg, Mark A. (27468024100); Carr, Andrew B. (57210206389); Smith, Mark W. (55698400500); Tshimanga, Raphael M. (37029312800)","27468024100; 57210206389; 55698400500; 37029312800","Measuring Geomorphological Change on the Congo River Using Century-Old Navigation Charts","2022","Congo Basin Hydrology, Climate, and Biogeochemistry: A Foundation for the Future","","","","413","426","13","4","10.1002/9781119657002.ch21","https://www.scopus.com/inward/record.uri?eid=2-s2.0-85147918530&doi=10.1002%2f9781119657002.ch21&partnerID=40&md5=ee0accc26881746b082b7e549c2b16a5","Book chapter","Final","","Scopus","2-s2.0-85147918530"
"Trigg M.A.; Dehghani M.S.; Kesete Y.Y.; Carr A.B.; Trigg S.G.; Zekkos D.; Lopez D.; Pertierra M.; van Westen C.J.; Jetten V.; Ogden F.L.","Trigg, Mark A. (27468024100); Dehghani, Mohammad Saied (55857590000); Kesete, Yohannes Y. (56002111700); Carr, Andrew B. (57210206389); Trigg, Stephanie G. (57931418200); Zekkos, Dimitrios (14623422200); Lopez, David (57931554200); Pertierra, Marta (57215335326); van Westen, Cees J. (6701664942); Jetten, Victor (6601999985); Ogden, Fred L. (7003950307)","27468024100; 55857590000; 56002111700; 57210206389; 57931418200; 14623422200; 57931554200; 57215335326; 6701664942; 6601999985; 7003950307","Realities of bridge resilience in Small Island Developing States","2023","Mitigation and Adaptation Strategies for Global Change","28","1","1","","","","4","10.1007/s11027-022-10035-4","https://www.scopus.com/inward/record.uri?eid=2-s2.0-85139986584&doi=10.1007%2fs11027-022-10035-4&partnerID=40&md5=74ef1d2066ad2fd71984d6257fef21d9","Article","Final","All Open Access; Green Open Access; Hybrid Gold Open Access","Scopus","2-s2.0-85139986584"
"Maybee B.; Birch C.E.; Böing S.J.; Willis T.; Speight L.; Porson A.N.; Pilling C.; Shelton K.L.; Trigg M.A.","Maybee, Ben (57204005906); Birch, Cathryn E. (34976155900); Böing, Steven J. (55436842300); Willis, Thomas (57189181514); Speight, Linda (25622723800); Porson, Aurore N. (15763786400); Pilling, Charlie (6505976361); Shelton, Kay L. (7005949189); Trigg, Mark A. (27468024100)","57204005906; 34976155900; 55436842300; 57189181514; 25622723800; 15763786400; 6505976361; 7005949189; 27468024100","FOREWARNS: Development and multifaceted verification of enhanced regional-scale surface water flood forecasts","2024","Natural Hazards and Earth System Sciences","24","4","","1415","1436","21","1","10.5194/nhess-24-1415-2024","https://www.scopus.com/inward/record.uri?eid=2-s2.0-85191540905&doi=10.5194%2fnhess-24-1415-2024&partnerID=40&md5=daf17eb4419bba0dd6a809c4509806dd","Article","Final","All Open Access; Gold Open Access; Green Open Access","Scopus","2-s2.0-85191540905"
"Trigg M.A.; Birch C.E.; Neal J.C.; Bates P.D.; Smith A.; Sampson C.C.; Yamazaki D.; Hirabayashi Y.; Pappenberger F.; Dutra E.; Ward P.J.; Winsemius H.C.; Salamon P.; Dottori F.; Rudari R.; Kappes M.S.; Simpson A.L.; Hadzilacos G.; Fewtrell T.J.","Trigg, M.A. (27468024100); Birch, C.E. (34976155900); Neal, J.C. (16039644600); Bates, P.D. (56242669500); Smith, A. (56410082400); Sampson, C.C. (37361381700); Yamazaki, D. (35231763100); Hirabayashi, Y. (36463595600); Pappenberger, F. (12242898700); Dutra, E. (25926243900); Ward, P.J. (55939005100); Winsemius, H.C. (15128343400); Salamon, P. (57197924232); Dottori, F. (26039063600); Rudari, R. (6507764404); Kappes, M.S. (36519011200); Simpson, A.L. (56735382900); Hadzilacos, G. (57191617676); Fewtrell, T.J. (25930864000)","27468024100; 34976155900; 16039644600; 56242669500; 56410082400; 37361381700; 35231763100; 36463595600; 12242898700; 25926243900; 55939005100; 15128343400; 57197924232; 26039063600; 6507764404; 36519011200; 56735382900; 57191617676; 25930864000","The credibility challenge for global fluvial flood risk analysis","2016","Environmental Research Letters","11","9","094014","","","","149","10.1088/1748-9326/11/9/094014","https://www.scopus.com/inward/record.uri?eid=2-s2.0-84992052824&doi=10.1088%2f1748-9326%2f11%2f9%2f094014&partnerID=40&md5=bd1185131aa2a8bbae2dccf26a7b1da0","Article","Final","All Open Access; Gold Open Access; Green Open Access","Scopus","2-s2.0-84992052824"
"Alemu A.N.; Haile A.T.; Carr A.B.; Trigg M.A.; Mengistie G.K.; Walsh C.L.","Alemu, Abel Negussie (58085436500); Haile, Alemseged Tamiru (58868850500); Carr, Andrew B. (57210206389); Trigg, Mark A. (27468024100); Mengistie, Getahun Kebede (58085148800); Walsh, Claire L. (7401952506)","58085436500; 58868850500; 57210206389; 27468024100; 58085148800; 7401952506","Filling data gaps using citizen science for flood modeling in urbanized catchment of Akaki","2023","Natural Hazards Research","3","3","","395","407","12","7","10.1016/j.nhres.2023.05.002","https://www.scopus.com/inward/record.uri?eid=2-s2.0-85179202607&doi=10.1016%2fj.nhres.2023.05.002&partnerID=40&md5=9eb4690921613b6a0155090f85493328","Article","Final","All Open Access; Gold Open Access; Green Open Access","Scopus","2-s2.0-85179202607"
"Smith A.; Sampson C.; Neal J.; Bates P.D.; Freer J.; Trigg M.; Porter R.; Kappes M.; Simpson A.; Jongman B.; Johnson K.","Smith, Andrew (56410082400); Sampson, Christopher (37361381700); Neal, Jefferey (16039644600); Bates, Paul D. (56242669500); Freer, Jim (7005673386); Trigg, Mark (27468024100); Porter, Rob (57909892900); Kappes, Melanie (36519011200); Simpson, Alanna (56735382900); Jongman, Brenden (55324365800); Johnson, Kris (56307117700)","56410082400; 37361381700; 16039644600; 56242669500; 7005673386; 27468024100; 57909892900; 36519011200; 56735382900; 55324365800; 56307117700","Modeling and Mapping of Global Flood Hazard Layers","2018","Geophysical Monograph Series","233","","","133","155","22","2","10.1002/9781119217886.ch8","https://www.scopus.com/inward/record.uri?eid=2-s2.0-85095127277&doi=10.1002%2f9781119217886.ch8&partnerID=40&md5=dd53f075181b80b38006ee07da609eb5","Article","Final","","Scopus","2-s2.0-85095127277"
"Bekele T.W.; Haile A.T.; Trigg M.A.; Walsh C.L.","Bekele, Tilaye Worku (57935018200); Haile, Alemseged Tamiru (58868850500); Trigg, Mark A. (27468024100); Walsh, Claire L. (7401952506)","57935018200; 58868850500; 27468024100; 7401952506","Evaluating a new method of remote sensing for flood mapping in the urban and peri-urban areas: Applied to Addis Ababa and the Akaki catchment in Ethiopia","2022","Natural Hazards Research","2","2","","97","110","13","25","10.1016/j.nhres.2022.03.001","https://www.scopus.com/inward/record.uri?eid=2-s2.0-85135889938&doi=10.1016%2fj.nhres.2022.03.001&partnerID=40&md5=1c05be7add5fddb30936eee80af81b61","Article","Final","All Open Access; Gold Open Access; Green Open Access","Scopus","2-s2.0-85135889938"
"Trigg M.A.; Wilson M.D.; Bates P.D.; Horritt M.S.; Alsdorf D.E.; Forsberg B.R.; Vega M.C.","Trigg, Mark A. (27468024100); Wilson, Matthew D. (55891561500); Bates, Paul D. (56242669500); Horritt, Matthew S. (6701367594); Alsdorf, Douglas E. (57198110897); Forsberg, Bruce R. (7006401967); Vega, Maria C. (27468052300)","27468024100; 55891561500; 56242669500; 6701367594; 57198110897; 7006401967; 27468052300","Amazon flood wave hydraulics","2009","Journal of Hydrology","374","1-2","","92","105","13","143","10.1016/j.jhydrol.2009.06.004","https://www.scopus.com/inward/record.uri?eid=2-s2.0-67650493006&doi=10.1016%2fj.jhydrol.2009.06.004&partnerID=40&md5=1e0d7bf123721fa66789e946c85027f8","Article","Final","","Scopus","2-s2.0-67650493006"
"Trigg M.A.; Tshimanga R.M.","Trigg, Mark A. (27468024100); Tshimanga, Raphael M. (37029312800)","27468024100; 37029312800","Capacity Building in the Congo Basin: Rich Resources Requiring Sustainable Development","2020","One Earth","2","3","","207","210","3","12","10.1016/j.oneear.2020.02.008","https://www.scopus.com/inward/record.uri?eid=2-s2.0-85106942541&doi=10.1016%2fj.oneear.2020.02.008&partnerID=40&md5=478db0f4441edf1f82128500e3fd67a9","Note","Final","All Open Access; Bronze Open Access; Green Open Access","Scopus","2-s2.0-85106942541"
"Sampson C.C.; Smith A.M.; Bates P.D.; Neal J.C.; Trigg M.A.","Sampson, Christopher C. (37361381700); Smith, Andrew M. (56410082400); Bates, Paul D. (56242669500); Neal, Jeffrey C. (16039644600); Trigg, Mark A. (27468024100)","37361381700; 56410082400; 56242669500; 16039644600; 27468024100","Perspectives on open access high resolution digital elevation models to produce global flood hazard layers","2016","Frontiers in Earth Science","3","","85","","","","62","10.3389/feart.2015.00085","https://www.scopus.com/inward/record.uri?eid=2-s2.0-85020887811&doi=10.3389%2ffeart.2015.00085&partnerID=40&md5=9644e7b8a3221c517777855e36fa1356","Article","Final","All Open Access; Gold Open Access; Green Open Access","Scopus","2-s2.0-85020887811"
"Trigg M.A.; Bates P.D.; Wilson M.D.; Schumann G.; Baugh C.","Trigg, Mark A. (27468024100); Bates, Paul D. (56242669500); Wilson, Matthew D. (55891561500); Schumann, Guy (16424570900); Baugh, Calum (55123450800)","27468024100; 56242669500; 55891561500; 16424570900; 55123450800","Floodplain channel morphology and networks of the middle Amazon River","2012","Water Resources Research","48","10","W10504","","","","93","10.1029/2012WR011888","https://www.scopus.com/inward/record.uri?eid=2-s2.0-84867562504&doi=10.1029%2f2012WR011888&partnerID=40&md5=810eff9b1d94a3fdba50e68fca6c511a","Article","Final","All Open Access; Bronze Open Access; Green Open Access","Scopus","2-s2.0-84867562504"
"Carr A.B.; Trigg M.A.; Haile A.T.; Bernhofen M.V.; Alemu A.N.; Bekele T.W.; Walsh C.L.","Carr, Andrew B. (57210206389); Trigg, Mark A. (27468024100); Haile, Alemseged Tamiru (58868850500); Bernhofen, Mark V. (57201371429); Alemu, Abel Negussie (58085436500); Bekele, Tilaye Worku (57935018200); Walsh, Claire L. (7401952506)","57210206389; 27468024100; 58868850500; 57201371429; 58085436500; 57935018200; 7401952506","Using global datasets to estimate flood exposure at the city scale: an evaluation in Addis Ababa","2024","Frontiers in Environmental Science","12","","1330295","","","","4","10.3389/fenvs.2024.1330295","https://www.scopus.com/inward/record.uri?eid=2-s2.0-85185973554&doi=10.3389%2ffenvs.2024.1330295&partnerID=40&md5=7ec16efaa94e688956be842229e83754","Article","Final","All Open Access; Gold Open Access; Green Open Access","Scopus","2-s2.0-85185973554"
"Yamazaki D.; Trigg M.A.","Yamazaki, Dai (35231763100); Trigg, Mark A. (27468024100)","35231763100; 27468024100","Hydrology: The dynamics of Earth's surface water","2016","Nature","540","7633","","348","349","1","44","10.1038/nature21100","https://www.scopus.com/inward/record.uri?eid=2-s2.0-85016141789&doi=10.1038%2fnature21100&partnerID=40&md5=f889cc3bac5361948d8b2ff07285d645","Note","Final","All Open Access; Bronze Open Access; Green Open Access","Scopus","2-s2.0-85016141789"
"Carr A.B.; Trigg M.A.; Tshimanga R.M.; Borman D.J.; Smith M.W.","Carr, Andrew B. (57210206389); Trigg, Mark A. (27468024100); Tshimanga, Raphael M. (37029312800); Borman, Duncan J. (6507564744); Smith, Mark W. (55698400500)","57210206389; 27468024100; 37029312800; 6507564744; 55698400500","Greater Water Surface Variability Revealed by New Congo River Field Data: Implications for Satellite Altimetry Measurements of Large Rivers","2019","Geophysical Research Letters","46","14","","8093","8101","8","24","10.1029/2019GL083720","https://www.scopus.com/inward/record.uri?eid=2-s2.0-85069916388&doi=10.1029%2f2019GL083720&partnerID=40&md5=97819f9c9dee709a19899489749ed79c","Article","Final","All Open Access; Green Open Access; Hybrid Gold Open Access","Scopus","2-s2.0-85069916388"
"Bernhofen M.V.; Whyman C.; Trigg M.A.; Sleigh P.A.; Smith A.M.; Sampson C.C.; Yamazaki D.; Ward P.J.; Rudari R.; Pappenberger F.; Dottori F.; Salamon P.; Winsemius H.C.","Bernhofen, Mark V. (57201371429); Whyman, Charlie (57204496509); Trigg, Mark A (27468024100); Sleigh, P Andrew (57266098300); Smith, Andrew M. (56410082400); Sampson, Christopher C. (37361381700); Yamazaki, Dai (35231763100); Ward, Philip J. (55939005100); Rudari, Roberto (6507764404); Pappenberger, Florian (12242898700); Dottori, Francesco (26039063600); Salamon, Peter (57197924232); Winsemius, Hessel C. (15128343400)","57201371429; 57204496509; 27468024100; 57266098300; 56410082400; 37361381700; 35231763100; 55939005100; 6507764404; 12242898700; 26039063600; 57197924232; 15128343400","A first collective validation of global fluvial flood models for major floods in Nigeria and Mozambique","2018","Environmental Research Letters","13","10","104007","","","","70","10.1088/1748-9326/aae014","https://www.scopus.com/inward/record.uri?eid=2-s2.0-85055783483&doi=10.1088%2f1748-9326%2faae014&partnerID=40&md5=c2d2c1735b790bdcd3f1d7bbe66441b8","Article","Final","All Open Access; Gold Open Access; Green Open Access","Scopus","2-s2.0-85055783483"
"Hall A.C.; Schumann G.J.-P.; Bamber J.L.; Bates P.D.; Trigg M.A.","Hall, Amanda C. (36774660600); Schumann, Guy J.-P. (16424570900); Bamber, Jonathan L. (7005776035); Bates, Paul D. (56242669500); Trigg, Mark A. (27468024100)","36774660600; 16424570900; 7005776035; 56242669500; 27468024100","Geodetic corrections to Amazon River water level gauges using ICESat altimetry","2012","Water Resources Research","48","6","W06602","","","","55","10.1029/2011WR010895","https://www.scopus.com/inward/record.uri?eid=2-s2.0-84862180572&doi=10.1029%2f2011WR010895&partnerID=40&md5=d64d26bd5a97a16f9fd4e6e2364ec396","Article","Final","All Open Access; Bronze Open Access","Scopus","2-s2.0-84862180572"
"Mroz E.J.; Smith M.W.; Willis T.D.M.; Trigg M.A.; Malawo H.; Chalo C.; Sinkombo M.; Thomas C.J.","Mroz, E.J. (57473395900); Smith, M.W. (55698400500); Willis, T.D.M. (57189181514); Trigg, M.A. (27468024100); Malawo, H. (57989799700); Chalo, C. (57988988300); Sinkombo, M. (57988846100); Thomas, C.J. (7404413547)","57473395900; 55698400500; 57189181514; 27468024100; 57989799700; 57988988300; 57988846100; 7404413547","Climate Change Impacts on Flood Pulse Characteristics in the Barotse Floodplain, Zambia","2025","Earth's Future","13","3","e2024EF005471","","","","0","10.1029/2024EF005471","https://www.scopus.com/inward/record.uri?eid=2-s2.0-86000218421&doi=10.1029%2f2024EF005471&partnerID=40&md5=d1168ce01de12f07510bf963c0e9b09e","Article","Final","All Open Access; Gold Open Access","Scopus","2-s2.0-86000218421"
"Carr A.B.; Trigg M.A.; Tshimanga R.M.; Smith M.W.; Borman D.J.; Bates P.D.","Carr, Andrew B. (57210206389); Trigg, Mark A. (27468024100); Tshimanga, Raphael M. (37029312800); Smith, Mark W. (55698400500); Borman, Duncan J. (6507564744); Bates, Paul D. (56242669500)","57210206389; 27468024100; 37029312800; 55698400500; 6507564744; 56242669500","Estimation of Bathymetry for Modeling Multi-thread Channel Hydraulics: Application to the Congo River Middle Reach","2022","Congo Basin Hydrology, Climate, and Biogeochemistry: A Foundation for the Future","","","","275","293","18","2","10.1002/9781119657002.ch15","https://www.scopus.com/inward/record.uri?eid=2-s2.0-85147973934&doi=10.1002%2f9781119657002.ch15&partnerID=40&md5=7195cac31e10bb0f327742ce11485697","Book chapter","Final","","Scopus","2-s2.0-85147973934"
"Mason D.C.; Trigg M.; Garcia-Pintado J.; Cloke H.L.; Neal J.C.; Bates P.D.","Mason, David C. (7401469110); Trigg, Mark (27468024100); Garcia-Pintado, Javier (15768742100); Cloke, Hannah L. (12141734400); Neal, Jeffrey C. (16039644600); Bates, Paul D. (56242669500)","7401469110; 27468024100; 15768742100; 12141734400; 16039644600; 56242669500","Improving the TanDEM-X Digital Elevation Model for flood modelling using flood extents from Synthetic Aperture Radar images","2016","Remote Sensing of Environment","173","","","15","28","13","56","10.1016/j.rse.2015.11.018","https://www.scopus.com/inward/record.uri?eid=2-s2.0-84947715439&doi=10.1016%2fj.rse.2015.11.018&partnerID=40&md5=8311d5a6f5cb0db5975401efeef5a8ac","Article","Final","All Open Access; Green Open Access; Hybrid Gold Open Access","Scopus","2-s2.0-84947715439"
"Mushi C.A.; Ndomba P.M.; Tshimanga R.M.; Trigg M.A.; Neal J.; Bola G.B.; Kabuya P.M.; Carr A.B.; Beya J.T.; Bates P.D.; Mtalo F.","Mushi, Catherine A. (57207449470); Ndomba, Preksedis M. (24477900300); Tshimanga, Raphael M. (37029312800); Trigg, Mark A. (27468024100); Neal, Jeffrey (16039644600); Bola, Gode B. (57773079800); Kabuya, Pierre Mulamba (57189274566); Carr, Andrew B. (57210206389); Beya, Jules T. (57230714600); Bates, Paul D. (56242669500); Mtalo, Felix (24491912000)","57207449470; 24477900300; 37029312800; 27468024100; 16039644600; 57773079800; 57189274566; 57210206389; 57230714600; 56242669500; 24491912000","Site Selection, Design, and Implementation of a Sediment Sampling Program on the Kasai River, a Major Tributary of the Congo River","2022","Congo Basin Hydrology, Climate, and Biogeochemistry: A Foundation for the Future","","","","427","446","19","2","10.1002/9781119657002.ch22","https://www.scopus.com/inward/record.uri?eid=2-s2.0-85147899283&doi=10.1002%2f9781119657002.ch22&partnerID=40&md5=6ec9d6e3cfea8ccceb47afccd37d1d8f","Book chapter","Final","","Scopus","2-s2.0-85147899283"
"Singh A.; Dawson D.; Trigg M.; Wright N.","Singh, Amrie (57222429371); Dawson, David (50761044700); Trigg, Mark (27468024100); Wright, Nigel (7201532106)","57222429371; 50761044700; 27468024100; 7201532106","A review of modelling methodologies for flood source area (FSA) identification","2021","Natural Hazards","107","2","","1047","1068","21","19","10.1007/s11069-021-04672-2","https://www.scopus.com/inward/record.uri?eid=2-s2.0-85102678466&doi=10.1007%2fs11069-021-04672-2&partnerID=40&md5=b723c0c6bda4f843088971c831e709d3","Review","Final","All Open Access; Green Open Access; Hybrid Gold Open Access","Scopus","2-s2.0-85102678466"
"Smith M.W.; Willis T.; Alfieri L.; James W.H.M.; Trigg M.A.; Yamazaki D.; Hardy A.J.; Bisselink B.; De Roo A.; Macklin M.G.; Thomas C.J.","Smith, M.W. (55698400500); Willis, T. (57189181514); Alfieri, L. (57220409827); James, W.H.M. (56535914200); Trigg, M.A. (27468024100); Yamazaki, D. (35231763100); Hardy, A.J. (51863973800); Bisselink, B. (25928228900); De Roo, A. (7006802109); Macklin, M.G. (7006956917); Thomas, C.J. (7404413547)","55698400500; 57189181514; 57220409827; 56535914200; 27468024100; 35231763100; 51863973800; 25928228900; 7006802109; 7006956917; 7404413547","Incorporating hydrology into climate suitability models changes projections of malaria transmission in Africa","2020","Nature Communications","11","1","4353","","","","21","10.1038/s41467-020-18239-5","https://www.scopus.com/inward/record.uri?eid=2-s2.0-85089987273&doi=10.1038%2fs41467-020-18239-5&partnerID=40&md5=6ddb98b301a5213ecb6b3c8a118d7389","Article","Final","All Open Access; Gold Open Access; Green Open Access","Scopus","2-s2.0-85089987273"
"Kechnit D.; Tshimanga R.M.; Ammari A.; Trigg M.A.","Kechnit, Djamel (59240632600); Tshimanga, Raphael M. (37029312800); Ammari, Abdelhadi (26639125400); Trigg, Mark A. (27468024100)","59240632600; 37029312800; 26639125400; 27468024100","Assessing uncertainties of a remote sensing-based discharge reflectance model for applications to large rivers of the Congo Basin","2024","Hydrological Sciences Journal","69","11","","1436","1448","12","2","10.1080/02626667.2024.2378486","https://www.scopus.com/inward/record.uri?eid=2-s2.0-85200034290&doi=10.1080%2f02626667.2024.2378486&partnerID=40&md5=790a8025c18fe25b1fc203dfc78bfa94","Article","Final","","Scopus","2-s2.0-85200034290"
"Senior J.G.; Trigg M.A.; Willis T.","Senior, Jake G. (57710321500); Trigg, Mark A. (27468024100); Willis, Thomas (57189181514)","57710321500; 27468024100; 57189181514","Physical representation of hillslope leaky barriers in 2D hydraulic models: A case study from the Calder Valley","2022","Journal of Flood Risk Management","15","3","e12821","","","","8","10.1111/jfr3.12821","https://www.scopus.com/inward/record.uri?eid=2-s2.0-85130703408&doi=10.1111%2fjfr3.12821&partnerID=40&md5=3a9d601ee7d5bcd72d80de7a5189adbe","Review","Final","","Scopus","2-s2.0-85130703408"
"Bola G.B.; Tshimanga R.M.; Neal J.; Hawker L.; Trigg M.A.; Mwamba L.; Bates P.D.","Bola, Gode B. (57773079800); Tshimanga, Raphael M. (37029312800); Neal, Jeffrey (16039644600); Hawker, Laurence (57204282292); Trigg, Mark A. (27468024100); Mwamba, Lukanda (58101023500); Bates, Paul D. (56242669500)","57773079800; 37029312800; 16039644600; 57204282292; 27468024100; 58101023500; 56242669500","Multi-Return Periods, Flood Hazards, and Risk Assessment in the Congo River Basin","2022","Congo Basin Hydrology, Climate, and Biogeochemistry: A Foundation for the Future","","","","519","540","21","3","10.1002/9781119657002.ch27","https://www.scopus.com/inward/record.uri?eid=2-s2.0-85133711946&doi=10.1002%2f9781119657002.ch27&partnerID=40&md5=901f59389240e8b93b7dc4559d3d4740","Book chapter","Final","","Scopus","2-s2.0-85133711946"
"Bernhofen M.V.; Trigg M.A.; Sleigh P.A.; Sampson C.C.; Smith A.M.","Bernhofen, Mark V. (57201371429); Trigg, Mark A. (27468024100); Sleigh, P. Andrew (57266098300); Sampson, Christopher C. (37361381700); Smith, Andrew M. (56410082400)","57201371429; 27468024100; 57266098300; 37361381700; 56410082400","Global flood exposure from different sized rivers","2021","Natural Hazards and Earth System Sciences","21","9","","2829","2847","18","22","10.5194/nhess-21-2829-2021","https://www.scopus.com/inward/record.uri?eid=2-s2.0-85115319032&doi=10.5194%2fnhess-21-2829-2021&partnerID=40&md5=dededc32b954b8469f707af4da17cdf4","Article","Final","All Open Access; Gold Open Access; Green Open Access","Scopus","2-s2.0-85115319032"
"Durand M.; Rodríguez E.; Alsdorf D.E.; Trigg M.","Durand, Michael (56489758400); Rodríguez, Ernesto (7401952672); Alsdorf, Douglas E. (57198110897); Trigg, Mark (27468024100)","56489758400; 7401952672; 57198110897; 27468024100","Estimating River Depth From Remote Sensing Swath Interferometry Measurements of River Height, Slope, and Width","2010","IEEE Journal of Selected Topics in Applied Earth Observations and Remote Sensing","3","1","","20","31","11","101","10.1109/JSTARS.2009.2033453","https://www.scopus.com/inward/record.uri?eid=2-s2.0-77649154741&doi=10.1109%2fJSTARS.2009.2033453&partnerID=40&md5=495e70760932f92056949f27503fcf01","Article","Final","","Scopus","2-s2.0-77649154741"
"Hawker L.; Trigg M.A.; Kruczkiewicz A.; Bernhofen M.; Katsi L.; Paterson R.; Speight L.; Van Den Hoek J.; Balfour N.","Hawker, Laurence (57204282292); Trigg, Mark A (27468024100); Kruczkiewicz, Andrew (57192210916); Bernhofen, Mark (57201371429); Katsi, Luckson (21739571200); Paterson, Ruby (59665100600); Speight, Linda (25622723800); Van Den Hoek, Jamon (55390255600); Balfour, Nancy (56915863300)","57204282292; 27468024100; 57192210916; 57201371429; 21739571200; 59665100600; 25622723800; 55390255600; 56915863300","Data, guidelines and ethics for managing flood risk when people are already forcibly displaced","2025","Environmental Research Letters ","20","1","011001","","","","0","10.1088/1748-9326/ad9e06","https://www.scopus.com/inward/record.uri?eid=2-s2.0-85219539437&doi=10.1088%2f1748-9326%2fad9e06&partnerID=40&md5=9882e8e09fd7898b3d5540ac3497fb91","Article","Final","All Open Access; Gold Open Access","Scopus","2-s2.0-85219539437"
"Masafu C.; Williams R.; Shi X.; Yuan Q.; Trigg M.","Masafu, Christopher (57191829312); Williams, Richard (57198060439); Shi, Xiaogang (56535686600); Yuan, Qiangqiang (36635300800); Trigg, Mark (27468024100)","57191829312; 57198060439; 56535686600; 36635300800; 27468024100","Unpiloted Aerial Vehicle (UAV) image velocimetry for validation of two-dimensional hydraulic model simulations","2022","Journal of Hydrology","612","","128217","","","","12","10.1016/j.jhydrol.2022.128217","https://www.scopus.com/inward/record.uri?eid=2-s2.0-85135117364&doi=10.1016%2fj.jhydrol.2022.128217&partnerID=40&md5=40ac301b03eb95a1dffa0c14ecc276a5","Article","Final","All Open Access; Green Open Access; Hybrid Gold Open Access","Scopus","2-s2.0-85135117364"
"Ryan C.; Trigg M.A.; Adarsh S.","Ryan, Ciarán (57218264338); Trigg, Mark A. (27468024100); Adarsh, S. (36342342500)","57218264338; 27468024100; 36342342500","An investigation into the impact of reservoir management Kerala floods 2018: A case study of the Kakki reservoir","2020","IOP Conference Series: Earth and Environmental Science","491","1","012005","","","","6","10.1088/1755-1315/491/1/012005","https://www.scopus.com/inward/record.uri?eid=2-s2.0-85088524764&doi=10.1088%2f1755-1315%2f491%2f1%2f012005&partnerID=40&md5=e7690c4e635e144a24fdcf9c442a4cc2","Conference paper","Final","All Open Access; Gold Open Access; Green Open Access","Scopus","2-s2.0-85088524764"
"Wu H.; Trigg M.A.; Murphy W.; Fuentes R.; Martino S.; Esposito C.; Marmoni G.M.; Scarascia Mugnozza G.","Wu, Hang (57200599176); Trigg, Mark A. (27468024100); Murphy, William (55729913700); Fuentes, Raul (35188883400); Martino, Salvatore (7007143426); Esposito, Carlo (57416666200); Marmoni, Gian Marco (56676244100); Scarascia Mugnozza, Gabriele (57313430400)","57200599176; 27468024100; 55729913700; 35188883400; 7007143426; 57416666200; 56676244100; 57313430400","A global-scale applicable framework of landslide dam formation susceptibility","2024","Landslides","21","10","","2399","2416","17","0","10.1007/s10346-024-02306-9","https://www.scopus.com/inward/record.uri?eid=2-s2.0-85198372498&doi=10.1007%2fs10346-024-02306-9&partnerID=40&md5=0fcbc61827da72e2cb474f94d052cd97","Article","Final","All Open Access; Hybrid Gold Open Access","Scopus","2-s2.0-85198372498"
"Trigg M.A.; Cook P.G.; Brunner P.","Trigg, Mark A. (27468024100); Cook, Peter G. (7402055909); Brunner, Philip (7102005081)","27468024100; 7402055909; 7102005081","Groundwater fluxes in a shallow seasonal wetland pond: The effect of bathymetric uncertainty on predicted water and solute balances","2014","Journal of Hydrology","517","","","901","912","11","19","10.1016/j.jhydrol.2014.06.020","https://www.scopus.com/inward/record.uri?eid=2-s2.0-84904863368&doi=10.1016%2fj.jhydrol.2014.06.020&partnerID=40&md5=2b988b7950e6ca03c519341fecb8c487","Article","Final","All Open Access; Green Open Access","Scopus","2-s2.0-84904863368"
"Bates P.D.; Neal J.; Sampson C.; Smith A.; Trigg M.","Bates, Paul D. (56242669500); Neal, Jeff (16039644600); Sampson, Chris (37361381700); Smith, Andy (56410082400); Trigg, Mark (27468024100)","56242669500; 16039644600; 37361381700; 56410082400; 27468024100","Progress Toward Hyperresolution Models of Global Flood Hazard","2018","Risk Modeling for Hazards and Disasters","","","","211","232","21","22","10.1016/B978-0-12-804071-3.00009-4","https://www.scopus.com/inward/record.uri?eid=2-s2.0-85054122845&doi=10.1016%2fB978-0-12-804071-3.00009-4&partnerID=40&md5=00a5f40e42f1b35394f938c86c48e942","Book chapter","Final","","Scopus","2-s2.0-85054122845"
"Yamazaki D.; Trigg M.A.; Ikeshima D.","Yamazaki, Dai (35231763100); Trigg, Mark A. (27468024100); Ikeshima, Daiki (56986683500)","35231763100; 27468024100; 56986683500","Development of a global ~90m water body map using multi-temporal Landsat images","2015","Remote Sensing of Environment","171","","","337","351","14","277","10.1016/j.rse.2015.10.014","https://www.scopus.com/inward/record.uri?eid=2-s2.0-84948767939&doi=10.1016%2fj.rse.2015.10.014&partnerID=40&md5=8362ce6e9cb764570b42af131a7651ab","Article","Final","All Open Access; Green Open Access","Scopus","2-s2.0-84948767939"
"Neal J.C.; Odoni N.A.; Trigg M.A.; Freer J.E.; Garcia-Pintado J.; Mason D.C.; Wood M.; Bates P.D.","Neal, Jeffrey C. (16039644600); Odoni, Nicholas A. (35766680400); Trigg, Mark A. (27468024100); Freer, Jim E. (7005673386); Garcia-Pintado, Javier (15768742100); Mason, David C. (7401469110); Wood, Melissa (57075609000); Bates, Paul D. (56242669500)","16039644600; 35766680400; 27468024100; 7005673386; 15768742100; 7401469110; 57075609000; 56242669500","Efficient incorporation of channel cross-section geometry uncertainty into regional and global scale flood inundation models","2015","Journal of Hydrology","529","","","169","183","14","77","10.1016/j.jhydrol.2015.07.026","https://www.scopus.com/inward/record.uri?eid=2-s2.0-84955513905&doi=10.1016%2fj.jhydrol.2015.07.026&partnerID=40&md5=1f38a4a28f5f1a93c28056da5f77cbf8","Article","Final","All Open Access; Green Open Access; Hybrid Gold Open Access","Scopus","2-s2.0-84955513905"
"Masafu C.K.; Trigg M.A.; Carter R.; Howden N.J.K.","Masafu, Christopher K. (57191829312); Trigg, Mark A. (27468024100); Carter, Richard (7402936010); Howden, Nicholas J.K. (6602209061)","57191829312; 27468024100; 7402936010; 6602209061","Water availability and agricultural demand: An assessment framework using global datasets in a data scarce catchment, Rokel-Seli River, Sierra Leone","2016","Journal of Hydrology: Regional Studies","8","","","222","234","12","14","10.1016/j.ejrh.2016.10.001","https://www.scopus.com/inward/record.uri?eid=2-s2.0-84994032262&doi=10.1016%2fj.ejrh.2016.10.001&partnerID=40&md5=b24fabfb144906c9c378107ddf699043","Article","Final","All Open Access; Gold Open Access; Green Open Access","Scopus","2-s2.0-84994032262"
"Papa F.; Crétaux J.-F.; Grippa M.; Robert E.; Trigg M.; Tshimanga R.M.; Kitambo B.; Paris A.; Carr A.; Fleischmann A.S.; de Fleury M.; Gbetkom P.G.; Calmettes B.; Calmant S.","Papa, Fabrice (15119906600); Crétaux, Jean-François (6603121976); Grippa, Manuela (6603490041); Robert, Elodie (57090029100); Trigg, Mark (27468024100); Tshimanga, Raphael M. (37029312800); Kitambo, Benjamin (57581239800); Paris, Adrien (57189460570); Carr, Andrew (57210206389); Fleischmann, Ayan Santos (56990809200); de Fleury, Mathilde (57581149100); Gbetkom, Paul Gerard (57214233291); Calmettes, Beatriz (26633459200); Calmant, Stephane (6603882400)","15119906600; 6603121976; 6603490041; 57090029100; 27468024100; 37029312800; 57581239800; 57189460570; 57210206389; 56990809200; 57581149100; 57214233291; 26633459200; 6603882400","Water Resources in Africa under Global Change: Monitoring Surface Waters from Space","2023","Surveys in Geophysics","44","1","","43","93","50","87","10.1007/s10712-022-09700-9","https://www.scopus.com/inward/record.uri?eid=2-s2.0-85128451333&doi=10.1007%2fs10712-022-09700-9&partnerID=40&md5=211c9cadcc0e3e93b40d38b37da63f1d","Review","Final","All Open Access; Green Open Access; Hybrid Gold Open Access","Scopus","2-s2.0-85128451333"
"Alazmi H.J.; Mitchell G.; Trigg M.A.","Alazmi, Hamad J. (58701770600); Mitchell, Gordon (57208588964); Trigg, Mark A. (27468024100)","58701770600; 57208588964; 27468024100","Kuwait household water demand in 2050: Spatial microsimulation and impact appraisal","2024","Water and Environment Journal","38","1","","139","152","13","2","10.1111/wej.12906","https://www.scopus.com/inward/record.uri?eid=2-s2.0-85177232835&doi=10.1111%2fwej.12906&partnerID=40&md5=9c54202ad8dffa3e0efb39ea18f92394","Article","Final","All Open Access; Hybrid Gold Open Access","Scopus","2-s2.0-85177232835"
"Papa F.; Crétaux J.-F.; Grippa M.; Robert E.; Trigg M.; Tshimanga R.M.; Kitambo B.; Paris A.; Carr A.; Fleischmann A.S.; de Fleury M.; Gbetkom P.G.; Calmettes B.; Calmant S.","Papa, Fabrice (15119906600); Crétaux, Jean-François (6603121976); Grippa, Manuela (6603490041); Robert, Elodie (57090029100); Trigg, Mark (27468024100); Tshimanga, Raphael M. (37029312800); Kitambo, Benjamin (57581239800); Paris, Adrien (57189460570); Carr, Andrew (57210206389); Fleischmann, Ayan Santos (56990809200); de Fleury, Mathilde (57581149100); Gbetkom, Paul Gerard (57214233291); Calmettes, Beatriz (26633459200); Calmant, Stephane (6603882400)","15119906600; 6603121976; 6603490041; 57090029100; 27468024100; 37029312800; 57581239800; 57189460570; 57210206389; 56990809200; 57581149100; 57214233291; 26633459200; 6603882400","Correction to: Water Resources in Africa under Global Change: Monitoring Surface Waters from Space (Surveys in Geophysics, (2023), 44, 1, (43-93), 10.1007/s10712-022-09700-9)","2023","Surveys in Geophysics","44","1","","95","96","1","1","10.1007/s10712-022-09729-w","https://www.scopus.com/inward/record.uri?eid=2-s2.0-85134310317&doi=10.1007%2fs10712-022-09729-w&partnerID=40&md5=351c83a83aea41f4b1f35306607b9a29","Erratum","Final","All Open Access; Hybrid Gold Open Access","Scopus","2-s2.0-85134310317"
"Trigg M.A.; Tshimanga R.M.; Ndomba P.M.; Mtalo F.; Hughes D.A.; Mushi C.A.; Bola G.B.; Kabuya P.M.; Carr A.B.; Bernhofen M.; Neal J.; Beya J.T.; Ngandu F.K.; Bates P.D.","Trigg, Mark A. (27468024100); Tshimanga, Raphael M. (37029312800); Ndomba, Preksedis M. (24477900300); Mtalo, Felix (24491912000); Hughes, Denis A. (7403464327); Mushi, Catherine A. (57207449470); Bola, Gode B. (57773079800); Kabuya, Pierre Mulamba (57189274566); Carr, Andrew B. (57210206389); Bernhofen, Mark (57201371429); Neal, Jeffrey (16039644600); Beya, Jules T. (57230714600); Ngandu, Felly K. (58101552200); Bates, Paul D. (56242669500)","27468024100; 37029312800; 24477900300; 24491912000; 7403464327; 57207449470; 57773079800; 57189274566; 57210206389; 57201371429; 16039644600; 57230714600; 58101552200; 56242669500","Putting River Users at the Heart of Hydraulics and Morphology Research in the Congo Basin","2022","Congo Basin Hydrology, Climate, and Biogeochemistry: A Foundation for the Future","","","","541","554","13","5","10.1002/9781119657002.ch28","https://www.scopus.com/inward/record.uri?eid=2-s2.0-85133661556&doi=10.1002%2f9781119657002.ch28&partnerID=40&md5=4bb693b0b2fa893add871a49723c0890","Book chapter","Final","","Scopus","2-s2.0-85133661556"
"Baugh C.A.; Bates P.D.; Schumann G.; Trigg M.A.","Baugh, Calum A. (55123450800); Bates, Paul D. (56242669500); Schumann, Guy (16424570900); Trigg, Mark A. (27468024100)","55123450800; 56242669500; 16424570900; 27468024100","SRTM vegetation removal and hydrodynamic modeling accuracy","2013","Water Resources Research","49","9","","5276","5289","13","117","10.1002/wrcr.20412","https://www.scopus.com/inward/record.uri?eid=2-s2.0-84883293132&doi=10.1002%2fwrcr.20412&partnerID=40&md5=2f2af8e6c5f377114c06e79108365828","Article","Final","All Open Access; Bronze Open Access","Scopus","2-s2.0-84883293132"
"Singh A.; Dawson D.; Trigg M.A.; Wright N.; Seymour C.; Ferriday L.","Singh, Amrie (57222429371); Dawson, David (50761044700); Trigg, Mark A. (27468024100); Wright, Nigel (7201532106); Seymour, Claire (58396777200); Ferriday, Luke (58393651400)","57222429371; 50761044700; 27468024100; 7201532106; 58396777200; 58393651400","Drainage representation in flood models: Application and analysis of capacity assessment framework","2023","Journal of Hydrology","622","","129718","","","","8","10.1016/j.jhydrol.2023.129718","https://www.scopus.com/inward/record.uri?eid=2-s2.0-85163351944&doi=10.1016%2fj.jhydrol.2023.129718&partnerID=40&md5=ba169e4be725bb83ef88245b1d331066","Article","Final","All Open Access; Green Open Access; Hybrid Gold Open Access","Scopus","2-s2.0-85163351944"
"Bernhofen M.V.; Cooper S.; Trigg M.; Mdee A.; Carr A.; Bhave A.; Solano-Correa Y.T.; Pencue-Fierro E.L.; Teferi E.; Haile A.T.; Yusop Z.; Alias N.E.; Sa'adi Z.; Bin Ramzan M.A.; Dhanya C.T.; Shukla P.","Bernhofen, Mark V. (57201371429); Cooper, Sarah (54786293400); Trigg, Mark (27468024100); Mdee, Anna (26640577600); Carr, Andrew (57210206389); Bhave, Ajay (55584569800); Solano-Correa, Yady Tatiana (57156565000); Pencue-Fierro, Edgar Leonairo (8219013500); Teferi, Ermias (59244391700); Haile, Alemseged Tamiru (58868850500); Yusop, Zulkifli (6507841909); Alias, Nor Eliza (55583417300); Sa'adi, Zulfaqar (57294796900); Bin Ramzan, Muhamad Anwar (57718564200); Dhanya, C.T. (26421157000); Shukla, Prabhakar (56921279300)","57201371429; 54786293400; 27468024100; 26640577600; 57210206389; 55584569800; 57156565000; 8219013500; 59244391700; 58868850500; 6507841909; 55583417300; 57294796900; 57718564200; 26421157000; 56921279300","The Role of Global Data Sets for Riverine Flood Risk Management at National Scales","2022","Water Resources Research","58","4","e2021WR031555","","","","23","10.1029/2021WR031555","https://www.scopus.com/inward/record.uri?eid=2-s2.0-85130997805&doi=10.1029%2f2021WR031555&partnerID=40&md5=faedffd9d9a6e71c4f3ae636de3011ea","Article","Final","","Scopus","2-s2.0-85130997805"
"Bola G.B.; Tshimanga R.M.; Neal J.; Trigg M.A.; Hawker L.; Lukanda V.M.; Bates P.","Bola, Gode B. (57773079800); Tshimanga, Raphael M. (37029312800); Neal, Jeff (16039644600); Trigg, Mark A. (27468024100); Hawker, Laurence (57204282292); Lukanda, Vincent M. (47561760700); Bates, Paul (56242669500)","57773079800; 37029312800; 16039644600; 27468024100; 57204282292; 47561760700; 56242669500","Understanding flood seasonality and flood regime shift in the Congo River Basin","2022","Hydrological Sciences Journal","67","10","","1496","1515","19","9","10.1080/02626667.2022.2083966","https://www.scopus.com/inward/record.uri?eid=2-s2.0-85133665240&doi=10.1080%2f02626667.2022.2083966&partnerID=40&md5=deacd29ba64ee370273c726058a4f6c8","Article","Final","All Open Access; Green Open Access","Scopus","2-s2.0-85133665240"
"Tshimanga R.M.; Bola G.B.; Kabuya P.M.; Nkaba L.; Neal J.; Hawker L.; Trigg M.A.; Bates P.D.; Hughes D.A.; Laraque A.; Woods R.; Wagener T.","Tshimanga, Raphael M. (37029312800); Bola, Gode B. (57773079800); Kabuya, Pierre Mulamba (57189274566); Nkaba, Landry (57230127200); Neal, Jeffrey (16039644600); Hawker, Laurence (57204282292); Trigg, Mark A. (27468024100); Bates, Paul D. (56242669500); Hughes, Denis A. (7403464327); Laraque, Alain (55901224300); Woods, Ross (7401705890); Wagener, Thorsten (8363445500)","37029312800; 57773079800; 57189274566; 57230127200; 16039644600; 57204282292; 27468024100; 56242669500; 7403464327; 55901224300; 7401705890; 8363445500","Towards a Framework of Catchment Classification for Hydrologic Predictions and Water Resources Management in the Ungauged Basin of the Congo River: An a priori Approach","2022","Congo Basin Hydrology, Climate, and Biogeochemistry: A Foundation for the Future","","","","471","498","27","8","10.1002/9781119657002.ch24","https://www.scopus.com/inward/record.uri?eid=2-s2.0-85133652616&doi=10.1002%2f9781119657002.ch24&partnerID=40&md5=4c899996bacf27a44d0af5d96a73af1a","Book chapter","Final","","Scopus","2-s2.0-85133652616"
"Yamazaki D.; O'Loughlin F.; Trigg M.A.; Miller Z.F.; Pavelsky T.M.; Bates P.D.","Yamazaki, Dai (35231763100); O'Loughlin, Fiachra (55767366600); Trigg, Mark A. (27468024100); Miller, Zachary F. (57197552768); Pavelsky, Tamlin M. (6504512777); Bates, Paul D. (56242669500)","35231763100; 55767366600; 27468024100; 57197552768; 6504512777; 56242669500","Development of the Global Width Database for Large Rivers","2014","Water Resources Research","50","4","","3467","3480","13","185","10.1002/2013WR014664","https://www.scopus.com/inward/record.uri?eid=2-s2.0-84898761353&doi=10.1002%2f2013WR014664&partnerID=40&md5=93528b219e5329eee2f72ea401cd18ff","Article","Final","All Open Access; Bronze Open Access; Green Open Access","Scopus","2-s2.0-84898761353"
"Laraque A.; N’kaya G.D.M.; Orange D.; Tshimanga R.; Tshitenge J.M.; Mahé G.; Nguimalet C.R.; Trigg M.A.; Yepez S.; Gulemvuga G.","Laraque, Alain (55901224300); N’kaya, Guy D. Moukandi (57219384555); Orange, Didier (7006576109); Tshimanga, Raphael (37029312800); Tshitenge, Jean Marie (57189274532); Mahé, Gil (57763818500); Nguimalet, Cyriaque R. (8901047700); Trigg, Mark A. (27468024100); Yepez, Santiago (55315865200); Gulemvuga, Georges (56217886400)","55901224300; 57219384555; 7006576109; 37029312800; 57189274532; 57763818500; 8901047700; 27468024100; 55315865200; 56217886400","Recent budget of hydroclimatology and hydrosedimentology of the congo river in central Africa","2020","Water (Switzerland)","12","9","2613","","","","35","10.3390/w12092613","https://www.scopus.com/inward/record.uri?eid=2-s2.0-85092485919&doi=10.3390%2fw12092613&partnerID=40&md5=148fdb54b6974b61ad5888eaefe3538d","Review","Final","All Open Access; Gold Open Access; Green Open Access","Scopus","2-s2.0-85092485919"
"Bates P.D.; Neal J.; Sampson C.; Smith A.; Trigg M.","Bates, Paul D. (56242669500); Neal, Jeff (16039644600); Sampson, Chris (37361381700); Smith, Andy (56410082400); Trigg, Mark (27468024100)","56242669500; 16039644600; 37361381700; 56410082400; 27468024100","Progress Toward Hyperresolution Models of Global Flood Hazard","2017","Risk Modeling for Hazards and Disasters","","","","211","232","21","2","10.1016/B978-0-12-804071-3.00009-4","https://www.scopus.com/inward/record.uri?eid=2-s2.0-85140509035&doi=10.1016%2fB978-0-12-804071-3.00009-4&partnerID=40&md5=e440eeb71187b308e7d3185dc241f9ff","Book chapter","Final","","Scopus","2-s2.0-85140509035"
"Komi K.; Neal J.; Trigg M.A.; Diekkrüger B.","Komi, Kossi (57193643760); Neal, Jeffrey (16039644600); Trigg, Mark A. (27468024100); Diekkrüger, Bernd (6603781218)","57193643760; 16039644600; 27468024100; 6603781218","Modelling of flood hazard extent in data sparse areas: a case study of the Oti River basin, West Africa","2017","Journal of Hydrology: Regional Studies","10","","","122","132","10","101","10.1016/j.ejrh.2017.03.001","https://www.scopus.com/inward/record.uri?eid=2-s2.0-85015455459&doi=10.1016%2fj.ejrh.2017.03.001&partnerID=40&md5=c79a41095c5512ed72f144a92a81deab","Review","Final","All Open Access; Gold Open Access; Green Open Access","Scopus","2-s2.0-85015455459"
"O'Loughlin F.; Trigg M.A.; Schumann G.J.-P.; Bates P.D.","O'Loughlin, F. (55767366600); Trigg, M.A. (27468024100); Schumann, G.J.-P. (16424570900); Bates, P.D. (56242669500)","55767366600; 27468024100; 16424570900; 56242669500","Hydraulic characterization of the middle reach of the Congo River","2013","Water Resources Research","49","8","","5059","5070","11","78","10.1002/wrcr.20398","https://www.scopus.com/inward/record.uri?eid=2-s2.0-84882537852&doi=10.1002%2fwrcr.20398&partnerID=40&md5=7110a102edce8ecd88f178bb2b109860","Article","Final","All Open Access; Bronze Open Access","Scopus","2-s2.0-84882537852"
